metric,ave,min,max
clipNT,35.1271062622,25.7685699463,90.9274531715
probeNT,90.4918696632,90.4918696632,90.4918696632
volNT,44.8770105311,28.5519410618,75.2574891688
lineNT,45.8794835988,28.6302432864,90.6777647178
sliceNT,37.9704219826,25.7895435332,92.364784976
