metric,ave,min,max,sd,time
wholeDomain_NT,3094.96327861,2152.29882812,7275.12451172,985.115082206,6.000000
bead_NT,3289.59644043,2192.79736328,7275.12451172,1299.81659201,6.000000
