metric,ave,min,max,sd,time
wholeDomain_NT,73.8747836206,24.5450706482,1857.8762207,158.546512244,0.140000
bead_NT_overtime_max,179.61845015,25.0,1857.8762207,355.745427005,0.140000
bead_NT,179.61845015,25.0,1857.8762207,355.745427005,0.140000
