metric,ave,min,max,sd
cyclone_streamlines,7.29523760006,0.10589827439,15.9741181093,4.77440785708
