metric,ave,min,max,sd
ClipUx,0.992267233133,0.904910504818,1.02992999554,0.0319378362206
