metric,ave,min,max,sd
streamlinesU,1.73188946356,0.710367083286,3.69218988141,0.635220923041
ClipUx,0.992267233133,0.904910504818,1.02992999554,0.0319378362206
probeUMagInlet2,3.0086772142,3.0086772142,3.0086772142,0.0
sliceUy,1.19485028159,-0.0207589007914,3.59215664864,1.03264910435
lineP,-0.064734678017,-1.81362962723,0.670571267605,0.485642629183
ClipUMag,0.992305293513,0.904976784638,1.02993442861,0.0319362034963
lineUX,0.193437837818,-0.0237964838743,1.19363594055,0.409159530416
volP,0.184043353551,0.167160287499,0.207056492567,0.00964242385178
domainUx,0.502238381525,-0.0763277485967,1.25048196316,0.443963090027
