metric,ave,min,max
ClipUy,1.01558063074,-0.0207589007914,3.59215664864
ClipUx,0.988293410112,0.844318509102,1.02544701099
