point,U_X
0,-0.00894110277295
1,-0.0106745725498
2,-0.00909212138504
3,0.0730077698827
4,1.19363594055
5,1.14968204498
6,1.01300096512
7,0.587003648281
8,0.0979724153876
9,-0.0237964838743
10,0.00226660468616
11,0.0138208577409
12,0.00930190365762
13,0.0123326266184
14,-0.000903745181859
15,-0.0122573878616
16,-0.0104912593961
17,-0.0112820677459
18,-0.00874422397465
19,-0.00137231242843
20,0.00772509444505
