point,U_X
0,-0.00886704865843
1,-0.0106745725498
2,-0.00909212138504
3,0.0750550255179
4,1.19363594055
5,1.14968204498
6,1.01160597801
7,0.587003648281
8,0.0979724153876
9,-0.0237964838743
10,0.0150898788124
11,0.0138208577409
12,0.00930190365762
13,0.0101029574871
14,-0.000903745181859
15,-0.00961705856025
16,-0.0104912593961
17,-0.0112820677459
18,-0.00857524108142
19,-0.00137231242843
20,0.00772509444505
