point,p
0,0.670571267605
1,0.518683969975
2,0.274739891291
3,-0.662714481354
4,-1.81362962723
5,-0.0960590466857
6,-0.279048919678
7,-0.345258295536
8,-0.195929855108
9,0.0289319455624
10,0.0899487286806
11,0.0898155272007
12,0.0872450843453
13,0.0649714246392
14,0.0636173039675
15,0.0422989092767
16,0.0402933433652
17,0.0299719236791
18,0.0191055815667
19,0.010416788049
20,0.0026002980303
