metric,ave,min,max
clipHFLX,-209.51093005,-2868.89648438,362.37074739
sliceNT,40.903451578,25.0774290085,407.591417904
probeUMag,0.00352532015594,0.00352532015594,0.00352532015594
volHFLX,34.0503471491,-1291.10079963,1557.19076239
lineS_XY,-0.549958619899,-4.2307987506,1.32583739972
