metric,ave,min,max,sd
clipHFLX,-219.296785769,-2868.89648438,362.37074739,495.372311387
sliceNT,48.9199393585,25.0774290085,407.591417904,35.8081747826
probeUMag,0.00352532015594,0.00352532015594,0.00352532015594,0.0
volHFLX,46.0705447153,-1291.10079963,1557.19076239,356.247114662
lineS_XY,-0.549958619899,-4.2307987506,1.32583739972,1.40120193756
