point,S_XY
0,-0.365065425918
1,-1.41985312568
2,-4.2307987506
3,-3.90045825898
4,-0.931556915951
5,1.19571335306
6,1.32583739972
7,1.07285744834
8,0.749401362097
9,0.601055545291
10,0.269060096033
11,-0.020055863835
12,-0.308544997265
13,-0.498318200071
14,-0.678914989589
15,-0.797124436277
16,-0.807153972652
17,-0.858881772712
18,-0.810472610084
19,-0.675979619374
20,-0.459877283439
