metric,ave,min,max
ClipUy,1.01558063074,-0.0207589007914,3.59215664864
ClipUx,0.998253283422,0.904910504818,1.02992999554
